[
  {
    "id": "d80bed1f-ad66-439e-a799-23e4b7fc0808",
    "data": [
      {
        "text": "Sure",
        "alias": "YesNoEntity",
        "meta": "@YesNoEntity",
        "userDefined": false
      }
    ],
    "isTemplate": false,
    "count": 0,
    "updated": 1524231942
  },
  {
    "id": "89c9e1ae-b3a9-4ed1-8dca-5d2dd6a2846b",
    "data": [
      {
        "text": "No",
        "alias": "YesNoEntity",
        "meta": "@YesNoEntity",
        "userDefined": false
      }
    ],
    "isTemplate": false,
    "count": 0,
    "updated": 1524231942
  },
  {
    "id": "13e79a66-4b53-47c0-85ce-de0cb1ccf730",
    "data": [
      {
        "text": "Yes",
        "alias": "YesNoEntity",
        "meta": "@YesNoEntity",
        "userDefined": false
      }
    ],
    "isTemplate": false,
    "count": 0,
    "updated": 1524231942
  }
]