[
  {
    "id": "2e2344ca-2b2d-4bd3-b594-77162be836ca",
    "data": [
      {
        "text": "excellent",
        "alias": "RatingEntity",
        "meta": "@RatingEntity",
        "userDefined": false
      },
      {
        "text": " is my rating",
        "userDefined": false
      }
    ],
    "isTemplate": false,
    "count": 0,
    "updated": 1524491870
  },
  {
    "id": "589c15da-e0ca-4a91-85a7-a96bbebf9c37",
    "data": [
      {
        "text": "poor",
        "alias": "RatingEntity",
        "meta": "@RatingEntity",
        "userDefined": false
      }
    ],
    "isTemplate": false,
    "count": 0,
    "updated": 1524232663
  },
  {
    "id": "f6d2e7a1-9184-454f-9c0c-d088048eb8d8",
    "data": [
      {
        "text": "average",
        "alias": "RatingEntity",
        "meta": "@RatingEntity",
        "userDefined": false
      }
    ],
    "isTemplate": false,
    "count": 0,
    "updated": 1524232663
  },
  {
    "id": "0aac9362-61eb-40b6-ab67-bf3a662867ef",
    "data": [
      {
        "text": "good",
        "alias": "RatingEntity",
        "meta": "@RatingEntity",
        "userDefined": false
      }
    ],
    "isTemplate": false,
    "count": 0,
    "updated": 1524232663
  },
  {
    "id": "69e6cb84-bebf-409a-917a-b7f586589126",
    "data": [
      {
        "text": "very ",
        "userDefined": false
      },
      {
        "text": "average",
        "alias": "RatingEntity",
        "meta": "@RatingEntity",
        "userDefined": false
      }
    ],
    "isTemplate": false,
    "count": 0,
    "updated": 1524232663
  },
  {
    "id": "15d2cc71-4a67-4937-a6b3-171cbc365c98",
    "data": [
      {
        "text": "it was ",
        "userDefined": false
      },
      {
        "text": "good",
        "alias": "RatingEntity",
        "meta": "@RatingEntity",
        "userDefined": false
      }
    ],
    "isTemplate": false,
    "count": 0,
    "updated": 1524232663
  },
  {
    "id": "69addfd1-cedc-42e6-b4f0-4154ed2500f7",
    "data": [
      {
        "text": "it was very ",
        "userDefined": false
      },
      {
        "text": "poor",
        "alias": "RatingEntity",
        "meta": "@RatingEntity",
        "userDefined": false
      }
    ],
    "isTemplate": false,
    "count": 0,
    "updated": 1524232663
  }
]