[
  {
    "id": "1f82372c-32ab-40db-a99d-e1b43d018e5c",
    "data": [
      {
        "text": "I was attending a ",
        "userDefined": false
      },
      {
        "text": "marriage",
        "alias": "SpecialEventEntity",
        "meta": "@SpecialEventEntity",
        "userDefined": true
      }
    ],
    "isTemplate": false,
    "count": 0,
    "updated": 1524232543
  },
  {
    "id": "496ad0b7-61c9-4bb6-a434-c8fbd7636cff",
    "data": [
      {
        "text": "For a ",
        "userDefined": false
      },
      {
        "text": "birthday",
        "meta": "@sys.ignore",
        "userDefined": false
      },
      {
        "text": " ",
        "userDefined": false
      },
      {
        "text": "party",
        "alias": "SpecialEventEntity",
        "meta": "@SpecialEventEntity",
        "userDefined": true
      }
    ],
    "isTemplate": false,
    "count": 0,
    "updated": 1524232543
  },
  {
    "id": "bc7281be-5ae0-4e0e-aaa9-f15d2b014c0e",
    "data": [
      {
        "text": "for a ",
        "userDefined": false
      },
      {
        "text": "party",
        "alias": "SpecialEventEntity",
        "meta": "@SpecialEventEntity",
        "userDefined": false
      }
    ],
    "isTemplate": false,
    "count": 2,
    "updated": 1524232543
  }
]