[
  {
    "value": "Marriage",
    "synonyms": [
      "Marriage",
      "Wedding"
    ]
  },
  {
    "value": "Birthday",
    "synonyms": [
      "Birthday"
    ]
  },
  {
    "value": "Party",
    "synonyms": [
      "Party",
      "parties"
    ]
  },
  {
    "value": "Member",
    "synonyms": [
      "Member",
      "Season Ticket",
      "Membership"
    ]
  },
  {
    "value": "mitzvahs",
    "synonyms": [
      "mitzvahs"
    ]
  },
  {
    "value": "ball",
    "synonyms": [
      "ball"
    ]
  },
  {
    "value": "training",
    "synonyms": [
      "training",
      "workshop"
    ]
  },
  {
    "value": "corporate",
    "synonyms": [
      "corporate"
    ]
  },
  {
    "value": "fundraiser",
    "synonyms": [
      "fundraiser"
    ]
  }
]