[
  {
    "id": "934ec536-8154-4981-a16b-3df7d1fa1a4f",
    "data": [
      {
        "text": "confirm",
        "userDefined": false
      }
    ],
    "isTemplate": false,
    "count": 1,
    "updated": 1524404093
  },
  {
    "id": "af4f5ef9-edf7-4027-9d6d-16f16f2b7ba0",
    "data": [
      {
        "text": "okay",
        "userDefined": false
      }
    ],
    "isTemplate": false,
    "count": 0,
    "updated": 1524404093
  },
  {
    "id": "cb9bcd20-c0d7-47e8-a8cd-2cf137fc2d78",
    "data": [
      {
        "text": "ok",
        "userDefined": false
      }
    ],
    "isTemplate": false,
    "count": 0,
    "updated": 1524404093
  },
  {
    "id": "6e4ebe59-bdab-44fc-95de-ca3999e3e44d",
    "data": [
      {
        "text": "of course",
        "userDefined": false
      }
    ],
    "isTemplate": false,
    "count": 0,
    "updated": 1524404093
  },
  {
    "id": "30c3b16a-8b24-4587-a5cb-6b868f2b88e9",
    "data": [
      {
        "text": "sure",
        "userDefined": false
      }
    ],
    "isTemplate": false,
    "count": 2,
    "updated": 1524404093
  },
  {
    "id": "1ac8d8be-21fe-4a4c-9a21-9a28ebaf566a",
    "data": [
      {
        "text": "I don\u0027t mind",
        "userDefined": false
      }
    ],
    "isTemplate": false,
    "count": 0,
    "updated": 1524404093
  },
  {
    "id": "3fc52167-417d-4ef2-9c6c-4322398dab21",
    "data": [
      {
        "text": "yes",
        "userDefined": false
      }
    ],
    "isTemplate": false,
    "count": 0,
    "updated": 1524404093
  },
  {
    "id": "f7a94eb0-437b-4a0c-a0ce-53439bf763db",
    "data": [
      {
        "text": "that\u0027s correct",
        "userDefined": false
      }
    ],
    "isTemplate": false,
    "count": 0,
    "updated": 1524404093
  },
  {
    "id": "b1ec54f8-0be0-4cdc-a9bd-df9c77a6715a",
    "data": [
      {
        "text": "I agree",
        "userDefined": false
      }
    ],
    "isTemplate": false,
    "count": 1,
    "updated": 1524404093
  },
  {
    "id": "fd29d55b-a270-476e-a503-a7c63ffcc3a6",
    "data": [
      {
        "text": "do it",
        "userDefined": false
      }
    ],
    "isTemplate": false,
    "count": 1,
    "updated": 1524404093
  },
  {
    "id": "886a42ed-8965-4daa-8a99-be7b6cd157f6",
    "data": [
      {
        "text": "exactly",
        "userDefined": false
      }
    ],
    "isTemplate": false,
    "count": 0,
    "updated": 1524404093
  },
  {
    "id": "e75168f7-4bc4-420e-a6c5-9f16cc4d7719",
    "data": [
      {
        "text": "sounds good",
        "userDefined": false
      }
    ],
    "isTemplate": false,
    "count": 0,
    "updated": 1524404093
  }
]