[
  {
    "id": "1d8111fc-d95e-4aa4-a2cd-33ee430578cd",
    "data": [
      {
        "text": "I don\u0027t want that",
        "userDefined": false
      }
    ],
    "isTemplate": false,
    "count": 0,
    "updated": 1524403360
  },
  {
    "id": "bf4d0d3a-a3d7-4818-b0a3-3278b7e9ca87",
    "data": [
      {
        "text": "don\u0027t do it",
        "userDefined": false
      }
    ],
    "isTemplate": false,
    "count": 0,
    "updated": 1524403360
  },
  {
    "id": "309d074c-4044-4360-bc97-3707c2ebe6ed",
    "data": [
      {
        "text": "I disagree",
        "userDefined": false
      }
    ],
    "isTemplate": false,
    "count": 2,
    "updated": 1524403360
  },
  {
    "id": "f8894fbc-b5d3-4c9d-940e-e571238f2d76",
    "data": [
      {
        "text": "I don\u0027t think so",
        "userDefined": false
      }
    ],
    "isTemplate": false,
    "count": 0,
    "updated": 1524403360
  },
  {
    "id": "49aa4471-455a-4c1b-9d40-6b93fed87620",
    "data": [
      {
        "text": "not really",
        "userDefined": false
      }
    ],
    "isTemplate": false,
    "count": 0,
    "updated": 1524403360
  },
  {
    "id": "19818f9f-16b7-41d9-a0ab-94ae0af7ee7b",
    "data": [
      {
        "text": "not interested",
        "userDefined": false
      }
    ],
    "isTemplate": false,
    "count": 0,
    "updated": 1524403360
  },
  {
    "id": "1b48505c-dbbc-4c6a-8132-6c7378829b3a",
    "data": [
      {
        "text": "definitely not",
        "userDefined": false
      }
    ],
    "isTemplate": false,
    "count": 1,
    "updated": 1524403360
  },
  {
    "id": "69136a72-50d6-4491-8f9b-f9095aa316b2",
    "data": [
      {
        "text": "no",
        "userDefined": false
      }
    ],
    "isTemplate": false,
    "count": 1,
    "updated": 1524403360
  }
]