[
  {
    "id": "b35f49bd-1c93-43f9-a74e-66f44d80c136",
    "data": [
      {
        "text": "for a ",
        "userDefined": false
      },
      {
        "text": "party",
        "alias": "SpecialEventEntity",
        "meta": "@SpecialEventEntity",
        "userDefined": false
      }
    ],
    "isTemplate": false,
    "count": 0,
    "updated": 1524571661
  },
  {
    "id": "d031ae2f-f5cc-4426-a335-32c56cda0513",
    "data": [
      {
        "text": "For a ",
        "userDefined": false
      },
      {
        "text": "birthday",
        "alias": "SpecialEventEntity",
        "meta": "@SpecialEventEntity",
        "userDefined": false
      },
      {
        "text": " ",
        "userDefined": false
      },
      {
        "text": "party",
        "alias": "SpecialEventEntity1",
        "meta": "@SpecialEventEntity",
        "userDefined": false
      }
    ],
    "isTemplate": false,
    "count": 0,
    "updated": 1524571661
  },
  {
    "id": "27821af3-ee6b-4ec4-9af9-206309ff80aa",
    "data": [
      {
        "text": "I was attending a ",
        "userDefined": false
      },
      {
        "text": "marriage",
        "alias": "SpecialEventEntity",
        "meta": "@SpecialEventEntity",
        "userDefined": false
      }
    ],
    "isTemplate": false,
    "count": 0,
    "updated": 1524477549
  }
]