[
  {
    "id": "c2801747-66b0-4684-9af8-5dc31c0e41cd",
    "data": [
      {
        "text": "it was ",
        "userDefined": false
      },
      {
        "text": "good",
        "alias": "RatingEntity",
        "meta": "@RatingEntity",
        "userDefined": false
      }
    ],
    "isTemplate": false,
    "count": 0,
    "updated": 1524403872
  },
  {
    "id": "9b08e541-473a-4450-b1ad-f149c5e1fb55",
    "data": [
      {
        "text": "it was quite ",
        "userDefined": false
      },
      {
        "text": "average",
        "alias": "RatingEntity",
        "meta": "@RatingEntity",
        "userDefined": false
      }
    ],
    "isTemplate": false,
    "count": 0,
    "updated": 1524403872
  },
  {
    "id": "2c5bb7f2-d9f5-4312-a505-30acc4707bbb",
    "data": [
      {
        "text": "i found it ",
        "userDefined": false
      },
      {
        "text": "excellent",
        "alias": "RatingEntity",
        "meta": "@RatingEntity",
        "userDefined": false
      }
    ],
    "isTemplate": false,
    "count": 0,
    "updated": 1524403872
  },
  {
    "id": "c7468ca4-4c5e-4497-a893-6107c9fb03dd",
    "data": [
      {
        "text": "it was very ",
        "userDefined": false
      },
      {
        "text": "poor",
        "alias": "RatingEntity",
        "meta": "@RatingEntity",
        "userDefined": false
      }
    ],
    "isTemplate": false,
    "count": 0,
    "updated": 1524403872
  }
]