[
  {
    "id": "d1a11f4a-79c2-4fd9-a505-3fc57945b32b",
    "data": [
      {
        "text": "not really",
        "userDefined": false
      }
    ],
    "isTemplate": false,
    "count": 0,
    "updated": 1524403165
  },
  {
    "id": "4bbefa4d-e1dd-4914-a546-511fc56893eb",
    "data": [
      {
        "text": "I don\u0027t want that",
        "userDefined": false
      }
    ],
    "isTemplate": false,
    "count": 0,
    "updated": 1524403165
  },
  {
    "id": "b8fba874-faf9-4bd7-8799-7f3a61bd3a5e",
    "data": [
      {
        "text": "-+",
        "userDefined": false
      }
    ],
    "isTemplate": false,
    "count": 0,
    "updated": 1524476691
  },
  {
    "id": "9bebf7f3-5af3-421a-82a1-3f9c954680f2",
    "data": [
      {
        "text": "not interested",
        "userDefined": false
      }
    ],
    "isTemplate": false,
    "count": 0,
    "updated": 1524403165
  },
  {
    "id": "37418f9a-75ec-42ae-81e2-d42ab9694379",
    "data": [
      {
        "text": "I don\u0027t think so",
        "userDefined": false
      }
    ],
    "isTemplate": false,
    "count": 0,
    "updated": 1524403165
  },
  {
    "id": "7cfe70b0-7368-4d85-b17d-ecaea8d370b1",
    "data": [
      {
        "text": "definitely not",
        "userDefined": false
      }
    ],
    "isTemplate": false,
    "count": 1,
    "updated": 1524403165
  },
  {
    "id": "8f64440f-57e1-4368-8f2b-faf79db37091",
    "data": [
      {
        "text": "don\u0027t do it",
        "userDefined": false
      }
    ],
    "isTemplate": false,
    "count": 0,
    "updated": 1524403165
  },
  {
    "id": "2a94c0df-967b-4fdb-8b40-ecfcf2eeda79",
    "data": [
      {
        "text": "no",
        "userDefined": false
      }
    ],
    "isTemplate": false,
    "count": 1,
    "updated": 1524403165
  },
  {
    "id": "bc91231e-3427-4ba0-83bd-a81a2132f62b",
    "data": [
      {
        "text": "I disagree",
        "userDefined": false
      }
    ],
    "isTemplate": false,
    "count": 2,
    "updated": 1524403165
  }
]