[
  {
    "id": "94a12a1d-456a-434e-ba9a-978966537115",
    "data": [
      {
        "text": "that\u0027s correct",
        "userDefined": false
      }
    ],
    "isTemplate": false,
    "count": 0,
    "updated": 1524477141
  },
  {
    "id": "8ed6469d-e338-4ea1-8943-6c818f41fdbe",
    "data": [
      {
        "text": "yes",
        "userDefined": false
      }
    ],
    "isTemplate": false,
    "count": 0,
    "updated": 1524477141
  },
  {
    "id": "3b62d7d3-ce4a-40ba-aa1c-28b04b82c973",
    "data": [
      {
        "text": "exactly",
        "userDefined": false
      }
    ],
    "isTemplate": false,
    "count": 0,
    "updated": 1524477141
  },
  {
    "id": "30851e9b-859b-414d-9ad4-f0c1db87997c",
    "data": [
      {
        "text": "confirm",
        "userDefined": false
      }
    ],
    "isTemplate": false,
    "count": 1,
    "updated": 1524477141
  },
  {
    "id": "0013b6fc-e3f6-42bf-91cf-ffaeca125bbf",
    "data": [
      {
        "text": "do it",
        "userDefined": false
      }
    ],
    "isTemplate": false,
    "count": 1,
    "updated": 1524477141
  },
  {
    "id": "f9982985-613c-428b-a3c2-9b82651cd13a",
    "data": [
      {
        "text": "of course",
        "userDefined": false
      }
    ],
    "isTemplate": false,
    "count": 0,
    "updated": 1524477141
  },
  {
    "id": "20db9d42-e637-4cbf-b2b1-9bd78d056622",
    "data": [
      {
        "text": "ok",
        "userDefined": false
      }
    ],
    "isTemplate": false,
    "count": 0,
    "updated": 1524477141
  },
  {
    "id": "006fb40d-617f-4908-9027-797832d19385",
    "data": [
      {
        "text": "okay",
        "userDefined": false
      }
    ],
    "isTemplate": false,
    "count": 0,
    "updated": 1524477141
  },
  {
    "id": "04a42536-5750-4687-b846-dc098a022a8a",
    "data": [
      {
        "text": "sure",
        "userDefined": false
      }
    ],
    "isTemplate": false,
    "count": 2,
    "updated": 1524477141
  },
  {
    "id": "99fbd06a-75f6-4939-9777-cae32b77d1fb",
    "data": [
      {
        "text": "sounds good",
        "userDefined": false
      }
    ],
    "isTemplate": false,
    "count": 0,
    "updated": 1524477141
  },
  {
    "id": "b5a941e4-356b-4424-b748-e6cb37af1239",
    "data": [
      {
        "text": "I don\u0027t mind",
        "userDefined": false
      }
    ],
    "isTemplate": false,
    "count": 0,
    "updated": 1524477141
  },
  {
    "id": "0dc41ec5-b0d6-41f5-bde6-a416c4aac76d",
    "data": [
      {
        "text": "I agree",
        "userDefined": false
      }
    ],
    "isTemplate": false,
    "count": 1,
    "updated": 1524477141
  }
]