[
  {
    "id": "15916797-7ed9-4cd0-afa7-bcdc817d8686",
    "data": [
      {
        "text": "it was for a ",
        "userDefined": false
      },
      {
        "text": "wedding",
        "alias": "SpecialEventEntity",
        "meta": "@SpecialEventEntity",
        "userDefined": false
      }
    ],
    "isTemplate": false,
    "count": 0,
    "updated": 1524688635
  },
  {
    "id": "7d3c13de-e966-4a10-8c17-a632787c47c2",
    "data": [
      {
        "text": "it was  ",
        "userDefined": false
      },
      {
        "text": "party",
        "alias": "SpecialEventEntity",
        "meta": "@SpecialEventEntity",
        "userDefined": false
      }
    ],
    "isTemplate": false,
    "count": 0,
    "updated": 1524688635
  },
  {
    "id": "e352a552-340f-4452-971e-65e626cc2bd1",
    "data": [
      {
        "text": "it was for a ",
        "userDefined": false
      },
      {
        "text": "marriage",
        "alias": "SpecialEventEntity",
        "meta": "@SpecialEventEntity",
        "userDefined": false
      }
    ],
    "isTemplate": false,
    "count": 0,
    "updated": 1524688635
  },
  {
    "id": "883c68ec-9a2a-49b4-b195-e12f84d55fb2",
    "data": [
      {
        "text": "for a ",
        "userDefined": false
      },
      {
        "text": "party",
        "alias": "SpecialEventEntity",
        "meta": "@SpecialEventEntity",
        "userDefined": false
      }
    ],
    "isTemplate": false,
    "count": 0,
    "updated": 1524571661
  },
  {
    "id": "5ede4762-fc25-4966-9e2d-10d955d9f6ce",
    "data": [
      {
        "text": "For a ",
        "userDefined": false
      },
      {
        "text": "birthday",
        "alias": "SpecialEventEntity",
        "meta": "@SpecialEventEntity",
        "userDefined": false
      },
      {
        "text": " ",
        "userDefined": false
      },
      {
        "text": "party",
        "meta": "@sys.ignore",
        "userDefined": false
      }
    ],
    "isTemplate": false,
    "count": 0,
    "updated": 1524688635
  },
  {
    "id": "8e3edc93-8a73-4a00-b985-5be5ed0ef1fc",
    "data": [
      {
        "text": "I was ",
        "userDefined": false
      },
      {
        "text": "training",
        "alias": "SpecialEventEntity",
        "meta": "@SpecialEventEntity",
        "userDefined": false
      }
    ],
    "isTemplate": false,
    "count": 0,
    "updated": 1524688683
  },
  {
    "id": "9712c210-5a83-4472-9951-84363a919d3a",
    "data": [
      {
        "text": "I was attending a ",
        "userDefined": false
      },
      {
        "text": "marriage",
        "alias": "SpecialEventEntity",
        "meta": "@SpecialEventEntity",
        "userDefined": false
      }
    ],
    "isTemplate": false,
    "count": 0,
    "updated": 1524477549
  },
  {
    "id": "b12edea4-be4d-41d6-bca2-9bf621632f14",
    "data": [
      {
        "text": "For some ",
        "userDefined": false
      },
      {
        "text": "training",
        "alias": "SpecialEventEntity",
        "meta": "@SpecialEventEntity",
        "userDefined": false
      }
    ],
    "isTemplate": false,
    "count": 0,
    "updated": 1524688683
  }
]